Workbook

Sheet Customer Data
A1: Customer ID | B1: Customer Name | C1: Age | D1: Segment | E1: Channel | F1: Status | G1: Location | H1: Monthly Income (₦) | I1: Account Balance (₦) | J1: Transactions | K1: Satisfaction (1-10)
A2: CUST-1001 | B2: Amina Yusuf | C2: 28 | D2: Individual | E2: Branch | F2: Active | G2: Benin City | H2: 197473 | I2: 724570 | J2: 36 | K2: 4
A3: CUST-1002 | B3: David Okoro | C3: 48 | D3: Individual | E3: Branch | F3: Active | G3: Abuja | H3: 117824 | I3: 603508 | J3: 14 | K3: 9
A4: CUST-1003 | B4: Bola Adeyemi | C4: 49 | D4: Individual | E4: Web | F4: Active | G4: Port Harcourt | H4: 257414 | I4: 747052 | J4: 29 | K4: 8
A5: CUST-1004 | B5: Chisom Eze | C5: 30 | D5: Individual | E5: Web | F5: Active | G5: Benin City | H5: 488382 | I5: 116414 | J5: 24 | K5: 8
A6: CUST-1005 | B6: Fatima Bello | C6: 37 | D6: SME | E6: Web | F6: Active | G6: Benin City | H6: 486922 | I6: 97627 | J6: 37 | K6: 7
A7: CUST-1006 | B7: Daniel James | C7: 44 | D7: Individual | E7: Web | F7: Active | G7: Abuja | H7: 328968 | I7: 825620 | J7: 20 | K7: 4
A8: CUST-1007 | B8: Grace Johnson | C8: 27 | D8: Individual | E8: Mobile App | F8: Inactive | G8: Port Harcourt | H8: 260555 | I8: 403162 | J8: 24 | K8: 6
A9: CUST-1008 | B9: Ifeanyi Obi | C9: 25 | D9: Individual | E9: Branch | F9: Inactive | G9: Benin City | H9: 261339 | I9: 499714 | J9: 26 | K9: 7
A10: CUST-1009 | B10: Mary Peter | C10: 35 | D10: Individual | E10: Web | F10: Inactive | G10: Port Harcourt | H10: 330174 | I10: 48659 | J10: 22 | K10: 9
A11: CUST-1010 | B11: Samuel Musa | C11: 25 | D11: Individual | E11: Agent | F11: Inactive | G11: Ibadan | H11: 419963 | I11: 237955 | J11: 33 | K11: 9
A12: CUST-1011 | B12: Esther Williams | C12: 30 | D12: Individual | E12: Branch | F12: Active | G12: Port Harcourt | H12: 365504 | I12: 798300 | J12: 29 | K12: 9
A13: CUST-1012 | B13: Emeka Nwosu | C13: 35 | D13: SME | E13: Branch | F13: Active | G13: Ibadan | H13: 139405 | I13: 129975 | J13: 11 | K13: 5
... A31: CUST-1030 | B31: Adaeze Okafor | C31: 53 | D31: Individual | E31: Branch | F31: Active | G31: Benin City | H31: 336629 | I31: 438389 | J31: 9 | K31: 6

Sheet Analysis
A1: CUSTOMER DATA ANALYSIS
A3: Metric | B3: Result | D3: Segment | E3: Customers | F3: Avg Balance | H3: Channel | I3: Customers | J3: Avg Satisfaction
A4: Total Customers | B4: =COUNTA('Customer Data'!A2:A31) | D4: Individual | E4: =COUNTIF('Customer Data'!D2:D31,D4) | F4: =AVERAGEIF('Customer Data'!D2:D31,D4,'Customer Data'!I2:I31) | H4: Branch | I4: =COUNTIF('Customer Data'!E2:E31,H4) | J4: =AVERAGEIF('Customer Data'!E2:E31,H4,'Customer Data'!K2:K31)
A5: Average Monthly Income | B5: =AVERAGE('Customer Data'!H2:H31) | D5: SME | E5: =COUNTIF('Customer Data'!D2:D31,D5) | F5: =AVERAGEIF('Customer Data'!D2:D31,D5,'Customer Data'!I2:I31) | H5: Mobile App | I5: =COUNTIF('Customer Data'!E2:E31,H5) | J5: =AVERAGEIF('Customer Data'!E2:E31,H5,'Customer Data'!K2:K31)
A6: Average Account Balance | B6: =AVERAGE('Customer Data'!I2:I31) | H6: Web | I6: =COUNTIF('Customer Data'!E2:E31,H6) | J6: =AVERAGEIF('Customer Data'!E2:E31,H6,'Customer Data'!K2:K31)
A7: Average Transactions | B7: =AVERAGE('Customer Data'!J2:J31) | H7: Agent | I7: =COUNTIF('Customer Data'!E2:E31,H7) | J7: =AVERAGEIF('Customer Data'!E2:E31,H7,'Customer Data'!K2:K31)
A8: Average Satisfaction | B8: =AVERAGE('Customer Data'!K2:K31) | D8: Status | E8: Customers
A9: Active Customers | B9: =COUNTIF('Customer Data'!F2:F31,"Active") | D9: Active | E9: =COUNTIF('Customer Data'!F2:F31,D9) | H9: Portfolio Insights
A10: SME Customers | B10: =COUNTIF('Customer Data'!D2:D31,"SME") | D10: Inactive | E10: =COUNTIF('Customer Data'!F2:F31,D10) | H10: 1. The analysis summarizes customer activity, balances, channels and satisfaction.
D11: Pending | E11: =COUNTIF('Customer Data'!F2:F31,D11) | H11: 2. COUNTIF/AVERAGEIF were used to compare customer groups.
H12: 3. The dataset can support decisions around customer engagement and service channels.
H13: 4. Data is simulated for portfolio demonstration and is not real customer information.
